/projects/mjolnir1/people/sjr729/tutorial/skimming_scripts/testClupea/library/unclassified-kra_ERR9709099_	coverage	0.42242898674605
/projects/mjolnir1/people/sjr729/tutorial/skimming_scripts/testClupea/library/unclassified-kra_ERR9709145_	coverage	1.0232045668565035
/projects/mjolnir1/people/sjr729/tutorial/skimming_scripts/testClupea/library/unclassified-kra_ERR9709184_	coverage	1.1028520587857222
/projects/mjolnir1/people/sjr729/tutorial/skimming_scripts/testClupea/library/unclassified-kra_ERR9709127_	coverage	1.1821982280645076
/projects/mjolnir1/people/sjr729/tutorial/skimming_scripts/testClupea/library/unclassified-kra_ERR9709121_	coverage	1.2000179549845174
/projects/mjolnir1/people/sjr729/tutorial/skimming_scripts/testClupea/library/unclassified-kra_ERR9709196_	coverage	1.3364266046219155
/projects/mjolnir1/people/sjr729/tutorial/skimming_scripts/testClupea/library/unclassified-kra_ERR9709125_	coverage	1.3842959099658916
/projects/mjolnir1/people/sjr729/tutorial/skimming_scripts/testClupea/library/unclassified-kra_ERR9709101_	coverage	1.3939369972078712
/projects/mjolnir1/people/sjr729/tutorial/skimming_scripts/testClupea/library/unclassified-kra_ERR9709122_	coverage	1.4021804406062506
/projects/mjolnir1/people/sjr729/tutorial/skimming_scripts/testClupea/library/unclassified-kra_ERR9709117_	coverage	1.4921535536736434
/projects/mjolnir1/people/sjr729/tutorial/skimming_scripts/testClupea/library/unclassified-kra_ERR9709191_	coverage	1.5290028624556686
/projects/mjolnir1/people/sjr729/tutorial/skimming_scripts/testClupea/library/unclassified-kra_ERR9709195_	coverage	1.546384004158088
/projects/mjolnir1/people/sjr729/tutorial/skimming_scripts/testClupea/library/unclassified-kra_ERR9709158_	coverage	1.7646132703653734
/projects/mjolnir1/people/sjr729/tutorial/skimming_scripts/testClupea/library/unclassified-kra_ERR9709114_	coverage	1.777506665684123
/projects/mjolnir1/people/sjr729/tutorial/skimming_scripts/testClupea/library/unclassified-kra_ERR9709109_	coverage	1.8692369728880385
/projects/mjolnir1/people/sjr729/tutorial/skimming_scripts/testClupea/library/unclassified-kra_ERR9709140_	coverage	1.8779430039585552
/projects/mjolnir1/people/sjr729/tutorial/skimming_scripts/testClupea/library/unclassified-kra_ERR9709096_	coverage	1.9909458126661312
/projects/mjolnir1/people/sjr729/tutorial/skimming_scripts/testClupea/library/unclassified-kra_ERR9709132_	coverage	1.9930208749970246
/projects/mjolnir1/people/sjr729/tutorial/skimming_scripts/testClupea/library/unclassified-kra_ERR9709219_	coverage	10.021112195175169
/projects/mjolnir1/people/sjr729/tutorial/skimming_scripts/testClupea/library/unclassified-kra_ERR9709218_	coverage	12.775577939488372
/projects/mjolnir1/people/sjr729/tutorial/skimming_scripts/testClupea/library/unclassified-kra_ERR9709228_	coverage	12.959904185410984
/projects/mjolnir1/people/sjr729/tutorial/skimming_scripts/testClupea/library/unclassified-kra_ERR9709244_	coverage	13.868059526680204
/projects/mjolnir1/people/sjr729/tutorial/skimming_scripts/testClupea/library/unclassified-kra_ERR9709240_	coverage	13.944485366828
/projects/mjolnir1/people/sjr729/tutorial/skimming_scripts/testClupea/library/unclassified-kra_ERR9709235_	coverage	14.197281470532777
/projects/mjolnir1/people/sjr729/tutorial/skimming_scripts/testClupea/library/unclassified-kra_ERR9709234_	coverage	14.39052495794958
/projects/mjolnir1/people/sjr729/tutorial/skimming_scripts/testClupea/library/unclassified-kra_ERR9709238_	coverage	14.723775092897801
/projects/mjolnir1/people/sjr729/tutorial/skimming_scripts/testClupea/library/unclassified-kra_ERR9709217_	coverage	15.305804462919058
/projects/mjolnir1/people/sjr729/tutorial/skimming_scripts/testClupea/library/unclassified-kra_ERR9709209_	coverage	16.985958800184058
/projects/mjolnir1/people/sjr729/tutorial/skimming_scripts/testClupea/library/unclassified-kra_ERR9709243_	coverage	17.063723341569414
/projects/mjolnir1/people/sjr729/tutorial/skimming_scripts/testClupea/library/unclassified-kra_SRR12106899_	coverage	19.34381444634592
/projects/mjolnir1/people/sjr729/tutorial/skimming_scripts/testClupea/library/unclassified-kra_SRR12106949_	coverage	19.54046472363178
/projects/mjolnir1/people/sjr729/tutorial/skimming_scripts/testClupea/library/unclassified-kra_ERR9709105_	coverage	2.0499572412307665
/projects/mjolnir1/people/sjr729/tutorial/skimming_scripts/testClupea/library/unclassified-kra_ERR9709107_	coverage	2.0785646957482875
/projects/mjolnir1/people/sjr729/tutorial/skimming_scripts/testClupea/library/unclassified-kra_ERR9709100_	coverage	2.083188037404746
/projects/mjolnir1/people/sjr729/tutorial/skimming_scripts/testClupea/library/unclassified-kra_ERR9709180_	coverage	2.1173482881496906
/projects/mjolnir1/people/sjr729/tutorial/skimming_scripts/testClupea/library/unclassified-kra_ERR9709093_	coverage	2.185812251481308
/projects/mjolnir1/people/sjr729/tutorial/skimming_scripts/testClupea/library/unclassified-kra_ERR9709134_	coverage	2.1981816094859217
/projects/mjolnir1/people/sjr729/tutorial/skimming_scripts/testClupea/library/unclassified-kra_ERR9709141_	coverage	2.259279465707221
/projects/mjolnir1/people/sjr729/tutorial/skimming_scripts/testClupea/library/unclassified-kra_ERR9709177_	coverage	2.3437725781358925
/projects/mjolnir1/people/sjr729/tutorial/skimming_scripts/testClupea/library/unclassified-kra_ERR9709129_	coverage	2.599291749295593
/projects/mjolnir1/people/sjr729/tutorial/skimming_scripts/testClupea/library/unclassified-kra_ERR9709118_	coverage	2.6190015090329766
/projects/mjolnir1/people/sjr729/tutorial/skimming_scripts/testClupea/library/unclassified-kra_ERR9709144_	coverage	2.6905315374799117
/projects/mjolnir1/people/sjr729/tutorial/skimming_scripts/testClupea/library/unclassified-kra_ERR9709147_	coverage	2.7152380143445454
/projects/mjolnir1/people/sjr729/tutorial/skimming_scripts/testClupea/library/unclassified-kra_ERR9709135_	coverage	2.744061722759219
/projects/mjolnir1/people/sjr729/tutorial/skimming_scripts/testClupea/library/unclassified-kra_ERR9709178_	coverage	2.889045600558272
/projects/mjolnir1/people/sjr729/tutorial/skimming_scripts/testClupea/library/unclassified-kra_ERR9709126_	coverage	2.9026665765788002
/projects/mjolnir1/people/sjr729/tutorial/skimming_scripts/testClupea/library/unclassified-kra_SRR12106878_	coverage	3.1913820149526737
/projects/mjolnir1/people/sjr729/tutorial/skimming_scripts/testClupea/library/unclassified-kra_ERR9709198_	coverage	3.2532038879457024
/projects/mjolnir1/people/sjr729/tutorial/skimming_scripts/testClupea/library/unclassified-kra_ERR9709149_	coverage	3.2544302759617447
/projects/mjolnir1/people/sjr729/tutorial/skimming_scripts/testClupea/library/unclassified-kra_SRR12106874_	coverage	3.7630400195462848
/projects/mjolnir1/people/sjr729/tutorial/skimming_scripts/testClupea/library/unclassified-kra_SRR12106875_	coverage	3.7752442517882754
/projects/mjolnir1/people/sjr729/tutorial/skimming_scripts/testClupea/library/unclassified-kra_SRR12106955_	coverage	4.80030568579885
/projects/mjolnir1/people/sjr729/tutorial/skimming_scripts/testClupea/library/unclassified-kra_SRR12106956_	coverage	4.807967389817121
/projects/mjolnir1/people/sjr729/tutorial/skimming_scripts/testClupea/library/unclassified-kra_SRR12106882_	coverage	4.818558474453189
/projects/mjolnir1/people/sjr729/tutorial/skimming_scripts/testClupea/library/unclassified-kra_ERR9709223_	coverage	5.353353445932332
/projects/mjolnir1/people/sjr729/tutorial/skimming_scripts/testClupea/library/unclassified-kra_ERR9709172_	coverage	5.414736121132184
/projects/mjolnir1/people/sjr729/tutorial/skimming_scripts/testClupea/library/unclassified-kra_SRR12106934_	coverage	6.019765929183847
/projects/mjolnir1/people/sjr729/tutorial/skimming_scripts/testClupea/library/unclassified-kra_SRR12106930_	coverage	6.163826636534894
/projects/mjolnir1/people/sjr729/tutorial/skimming_scripts/testClupea/library/unclassified-kra_ERR9709136_	coverage	6.3500060609552476
/projects/mjolnir1/people/sjr729/tutorial/skimming_scripts/testClupea/library/unclassified-kra_ERR9709232_	coverage	6.492428094665996
/projects/mjolnir1/people/sjr729/tutorial/skimming_scripts/testClupea/library/unclassified-kra_ERR9709203_	coverage	6.527489375280287
/projects/mjolnir1/people/sjr729/tutorial/skimming_scripts/testClupea/library/unclassified-kra_SRR12106953_	coverage	6.760309545725657
/projects/mjolnir1/people/sjr729/tutorial/skimming_scripts/testClupea/library/unclassified-kra_ERR9709204_	coverage	7.092510989609263
/projects/mjolnir1/people/sjr729/tutorial/skimming_scripts/testClupea/library/unclassified-kra_SRR12106937_	coverage	7.362963061057927
/projects/mjolnir1/people/sjr729/tutorial/skimming_scripts/testClupea/library/unclassified-kra_ERR9709208_	coverage	8.12822232041543
/projects/mjolnir1/people/sjr729/tutorial/skimming_scripts/testClupea/library/unclassified-kra_ERR9709211_	coverage	8.65942269729454
/projects/mjolnir1/people/sjr729/tutorial/skimming_scripts/testClupea/library/unclassified-kra_ERR9709253_	coverage	8.81622648528481
/projects/mjolnir1/people/sjr729/tutorial/skimming_scripts/testClupea/library/unclassified-kra_ERR9709249_	coverage	9.697979700638644
/projects/mjolnir1/people/sjr729/tutorial/skimming_scripts/testClupea/library/unclassified-kra_SRR12106945_	coverage	9.71963520934806
/projects/mjolnir1/people/sjr729/tutorial/skimming_scripts/testClupea/library/unclassified-kra_ERR9709214_	coverage	9.956693205022999
/projects/mjolnir1/people/sjr729/tutorial/skimming_scripts/testClupea/library/unclassified-kra_ERR9709092_	coverage	NA
/projects/mjolnir1/people/sjr729/tutorial/skimming_scripts/testClupea/library/unclassified-kra_ERR9709094_	coverage	NA
/projects/mjolnir1/people/sjr729/tutorial/skimming_scripts/testClupea/library/unclassified-kra_ERR9709103_	coverage	NA
/projects/mjolnir1/people/sjr729/tutorial/skimming_scripts/testClupea/library/unclassified-kra_ERR9709108_	coverage	NA
/projects/mjolnir1/people/sjr729/tutorial/skimming_scripts/testClupea/library/unclassified-kra_ERR9709115_	coverage	NA
/projects/mjolnir1/people/sjr729/tutorial/skimming_scripts/testClupea/library/unclassified-kra_ERR9709119_	coverage	NA
/projects/mjolnir1/people/sjr729/tutorial/skimming_scripts/testClupea/library/unclassified-kra_ERR9709123_	coverage	NA
/projects/mjolnir1/people/sjr729/tutorial/skimming_scripts/testClupea/library/unclassified-kra_ERR9709124_	coverage	NA
/projects/mjolnir1/people/sjr729/tutorial/skimming_scripts/testClupea/library/unclassified-kra_ERR9709130_	coverage	NA
/projects/mjolnir1/people/sjr729/tutorial/skimming_scripts/testClupea/library/unclassified-kra_ERR9709137_	coverage	NA
/projects/mjolnir1/people/sjr729/tutorial/skimming_scripts/testClupea/library/unclassified-kra_ERR9709142_	coverage	NA
/projects/mjolnir1/people/sjr729/tutorial/skimming_scripts/testClupea/library/unclassified-kra_ERR9709146_	coverage	NA
/projects/mjolnir1/people/sjr729/tutorial/skimming_scripts/testClupea/library/unclassified-kra_ERR9709155_	coverage	NA
/projects/mjolnir1/people/sjr729/tutorial/skimming_scripts/testClupea/library/unclassified-kra_ERR9709167_	coverage	NA
/projects/mjolnir1/people/sjr729/tutorial/skimming_scripts/testClupea/library/unclassified-kra_ERR9709173_	coverage	NA
/projects/mjolnir1/people/sjr729/tutorial/skimming_scripts/testClupea/library/unclassified-kra_ERR9709174_	coverage	NA
/projects/mjolnir1/people/sjr729/tutorial/skimming_scripts/testClupea/library/unclassified-kra_ERR9709187_	coverage	NA
/projects/mjolnir1/people/sjr729/tutorial/skimming_scripts/testClupea/library/unclassified-kra_ERR9709189_	coverage	NA
/projects/mjolnir1/people/sjr729/tutorial/skimming_scripts/testClupea/library/unclassified-kra_ERR9709190_	coverage	NA
/projects/mjolnir1/people/sjr729/tutorial/skimming_scripts/testClupea/library/unclassified-kra_ERR9709194_	coverage	NA
/projects/mjolnir1/people/sjr729/tutorial/skimming_scripts/testClupea/library/unclassified-kra_ERR9709199_	coverage	NA
/projects/mjolnir1/people/sjr729/tutorial/skimming_scripts/testClupea/library/unclassified-kra_ERR9709237_	coverage	NA
/projects/mjolnir1/people/sjr729/tutorial/skimming_scripts/testClupea/library/unclassified-kra_SRR12106876_	coverage	NA
/projects/mjolnir1/people/sjr729/tutorial/skimming_scripts/testClupea/library/unclassified-kra_SRR12106905_	coverage	NA
/projects/mjolnir1/people/sjr729/tutorial/skimming_scripts/testClupea/library/unclassified-kra_SRR12106906_	coverage	NA
/projects/mjolnir1/people/sjr729/tutorial/skimming_scripts/testClupea/library/unclassified-kra_SRR12106907_	coverage	NA
/projects/mjolnir1/people/sjr729/tutorial/skimming_scripts/testClupea/library/unclassified-kra_SRR12106911_	coverage	NA
/projects/mjolnir1/people/sjr729/tutorial/skimming_scripts/testClupea/library/unclassified-kra_SRR12106915_	coverage	NA
/projects/mjolnir1/people/sjr729/tutorial/skimming_scripts/testClupea/library/unclassified-kra_SRR12106932_	coverage	NA
/projects/mjolnir1/people/sjr729/tutorial/skimming_scripts/testClupea/library/unclassified-kra_SRR12106957_	coverage	NA
/projects/mjolnir1/people/sjr729/tutorial/skimming_scripts/testClupea/library/unclassified-kra_SRR12106949_	error_rate	0.0020818860318621013
/projects/mjolnir1/people/sjr729/tutorial/skimming_scripts/testClupea/library/unclassified-kra_ERR9709178_	error_rate	0.003699578047718366
/projects/mjolnir1/people/sjr729/tutorial/skimming_scripts/testClupea/library/unclassified-kra_ERR9709244_	error_rate	0.004053923172386953
/projects/mjolnir1/people/sjr729/tutorial/skimming_scripts/testClupea/library/unclassified-kra_ERR9709240_	error_rate	0.004174427295647654
/projects/mjolnir1/people/sjr729/tutorial/skimming_scripts/testClupea/library/unclassified-kra_ERR9709209_	error_rate	0.0041791846070583505
/projects/mjolnir1/people/sjr729/tutorial/skimming_scripts/testClupea/library/unclassified-kra_ERR9709249_	error_rate	0.004256100815554276
/projects/mjolnir1/people/sjr729/tutorial/skimming_scripts/testClupea/library/unclassified-kra_ERR9709217_	error_rate	0.004296595899231592
/projects/mjolnir1/people/sjr729/tutorial/skimming_scripts/testClupea/library/unclassified-kra_ERR9709208_	error_rate	0.004317724473843598
/projects/mjolnir1/people/sjr729/tutorial/skimming_scripts/testClupea/library/unclassified-kra_ERR9709204_	error_rate	0.004383159580365281
/projects/mjolnir1/people/sjr729/tutorial/skimming_scripts/testClupea/library/unclassified-kra_ERR9709214_	error_rate	0.004461932702184868
/projects/mjolnir1/people/sjr729/tutorial/skimming_scripts/testClupea/library/unclassified-kra_ERR9709243_	error_rate	0.004607845899477603
/projects/mjolnir1/people/sjr729/tutorial/skimming_scripts/testClupea/library/unclassified-kra_ERR9709235_	error_rate	0.004634146540109629
/projects/mjolnir1/people/sjr729/tutorial/skimming_scripts/testClupea/library/unclassified-kra_ERR9709211_	error_rate	0.004689522509499056
/projects/mjolnir1/people/sjr729/tutorial/skimming_scripts/testClupea/library/unclassified-kra_ERR9709218_	error_rate	0.004703422257769541
/projects/mjolnir1/people/sjr729/tutorial/skimming_scripts/testClupea/library/unclassified-kra_ERR9709228_	error_rate	0.004876063787077611
/projects/mjolnir1/people/sjr729/tutorial/skimming_scripts/testClupea/library/unclassified-kra_ERR9709234_	error_rate	0.0049847365698819646
/projects/mjolnir1/people/sjr729/tutorial/skimming_scripts/testClupea/library/unclassified-kra_ERR9709219_	error_rate	0.005275719728311423
/projects/mjolnir1/people/sjr729/tutorial/skimming_scripts/testClupea/library/unclassified-kra_ERR9709253_	error_rate	0.005333100811207525
/projects/mjolnir1/people/sjr729/tutorial/skimming_scripts/testClupea/library/unclassified-kra_ERR9709238_	error_rate	0.0055446441431880045
/projects/mjolnir1/people/sjr729/tutorial/skimming_scripts/testClupea/library/unclassified-kra_SRR12106899_	error_rate	0.006121748719850495
/projects/mjolnir1/people/sjr729/tutorial/skimming_scripts/testClupea/library/unclassified-kra_SRR12106937_	error_rate	0.006944648715980106
/projects/mjolnir1/people/sjr729/tutorial/skimming_scripts/testClupea/library/unclassified-kra_SRR12106934_	error_rate	0.007053681732496209
/projects/mjolnir1/people/sjr729/tutorial/skimming_scripts/testClupea/library/unclassified-kra_SRR12106930_	error_rate	0.0071351799519656645
/projects/mjolnir1/people/sjr729/tutorial/skimming_scripts/testClupea/library/unclassified-kra_SRR12106878_	error_rate	0.007793364180207596
/projects/mjolnir1/people/sjr729/tutorial/skimming_scripts/testClupea/library/unclassified-kra_ERR9709136_	error_rate	0.008340763946190766
/projects/mjolnir1/people/sjr729/tutorial/skimming_scripts/testClupea/library/unclassified-kra_SRR12106945_	error_rate	0.008648062957106628
/projects/mjolnir1/people/sjr729/tutorial/skimming_scripts/testClupea/library/unclassified-kra_SRR12106955_	error_rate	0.00885199980103668
/projects/mjolnir1/people/sjr729/tutorial/skimming_scripts/testClupea/library/unclassified-kra_SRR12106956_	error_rate	0.008956521656467098
/projects/mjolnir1/people/sjr729/tutorial/skimming_scripts/testClupea/library/unclassified-kra_SRR12106874_	error_rate	0.009211695841212841
/projects/mjolnir1/people/sjr729/tutorial/skimming_scripts/testClupea/library/unclassified-kra_SRR12106875_	error_rate	0.009337848552332662
/projects/mjolnir1/people/sjr729/tutorial/skimming_scripts/testClupea/library/unclassified-kra_SRR12106953_	error_rate	0.00979724929570125
/projects/mjolnir1/people/sjr729/tutorial/skimming_scripts/testClupea/library/unclassified-kra_ERR9709126_	error_rate	0.010888713343593648
/projects/mjolnir1/people/sjr729/tutorial/skimming_scripts/testClupea/library/unclassified-kra_ERR9709198_	error_rate	0.01213093884790939
/projects/mjolnir1/people/sjr729/tutorial/skimming_scripts/testClupea/library/unclassified-kra_ERR9709223_	error_rate	0.012492161924660627
/projects/mjolnir1/people/sjr729/tutorial/skimming_scripts/testClupea/library/unclassified-kra_ERR9709118_	error_rate	0.013427431126067146
/projects/mjolnir1/people/sjr729/tutorial/skimming_scripts/testClupea/library/unclassified-kra_ERR9709125_	error_rate	0.014033189425233017
/projects/mjolnir1/people/sjr729/tutorial/skimming_scripts/testClupea/library/unclassified-kra_SRR12106882_	error_rate	0.014262079112807302
/projects/mjolnir1/people/sjr729/tutorial/skimming_scripts/testClupea/library/unclassified-kra_ERR9709127_	error_rate	0.015352673735785194
/projects/mjolnir1/people/sjr729/tutorial/skimming_scripts/testClupea/library/unclassified-kra_ERR9709101_	error_rate	0.015769808772999383
/projects/mjolnir1/people/sjr729/tutorial/skimming_scripts/testClupea/library/unclassified-kra_ERR9709096_	error_rate	0.015787874170500094
/projects/mjolnir1/people/sjr729/tutorial/skimming_scripts/testClupea/library/unclassified-kra_ERR9709107_	error_rate	0.016388094507530093
/projects/mjolnir1/people/sjr729/tutorial/skimming_scripts/testClupea/library/unclassified-kra_ERR9709105_	error_rate	0.016415129169689124
/projects/mjolnir1/people/sjr729/tutorial/skimming_scripts/testClupea/library/unclassified-kra_ERR9709191_	error_rate	0.016596380303843694
/projects/mjolnir1/people/sjr729/tutorial/skimming_scripts/testClupea/library/unclassified-kra_ERR9709144_	error_rate	0.01680740891869703
/projects/mjolnir1/people/sjr729/tutorial/skimming_scripts/testClupea/library/unclassified-kra_ERR9709117_	error_rate	0.017671735980665293
/projects/mjolnir1/people/sjr729/tutorial/skimming_scripts/testClupea/library/unclassified-kra_ERR9709134_	error_rate	0.018154736995126708
/projects/mjolnir1/people/sjr729/tutorial/skimming_scripts/testClupea/library/unclassified-kra_ERR9709114_	error_rate	0.01821258838356621
/projects/mjolnir1/people/sjr729/tutorial/skimming_scripts/testClupea/library/unclassified-kra_ERR9709158_	error_rate	0.019244581014566498
/projects/mjolnir1/people/sjr729/tutorial/skimming_scripts/testClupea/library/unclassified-kra_ERR9709122_	error_rate	0.01942045986953267
/projects/mjolnir1/people/sjr729/tutorial/skimming_scripts/testClupea/library/unclassified-kra_ERR9709203_	error_rate	0.019476873215713564
/projects/mjolnir1/people/sjr729/tutorial/skimming_scripts/testClupea/library/unclassified-kra_ERR9709177_	error_rate	0.019856115870876767
/projects/mjolnir1/people/sjr729/tutorial/skimming_scripts/testClupea/library/unclassified-kra_ERR9709195_	error_rate	0.020197835518316776
/projects/mjolnir1/people/sjr729/tutorial/skimming_scripts/testClupea/library/unclassified-kra_ERR9709093_	error_rate	0.020804966308522466
/projects/mjolnir1/people/sjr729/tutorial/skimming_scripts/testClupea/library/unclassified-kra_ERR9709180_	error_rate	0.022133880463147793
/projects/mjolnir1/people/sjr729/tutorial/skimming_scripts/testClupea/library/unclassified-kra_ERR9709196_	error_rate	0.022166878904509857
/projects/mjolnir1/people/sjr729/tutorial/skimming_scripts/testClupea/library/unclassified-kra_ERR9709129_	error_rate	0.022224398546040414
/projects/mjolnir1/people/sjr729/tutorial/skimming_scripts/testClupea/library/unclassified-kra_ERR9709132_	error_rate	0.022639810196803167
/projects/mjolnir1/people/sjr729/tutorial/skimming_scripts/testClupea/library/unclassified-kra_ERR9709121_	error_rate	0.022694919112131395
/projects/mjolnir1/people/sjr729/tutorial/skimming_scripts/testClupea/library/unclassified-kra_ERR9709099_	error_rate	0.023497358288888548
/projects/mjolnir1/people/sjr729/tutorial/skimming_scripts/testClupea/library/unclassified-kra_ERR9709100_	error_rate	0.024458819886685523
/projects/mjolnir1/people/sjr729/tutorial/skimming_scripts/testClupea/library/unclassified-kra_ERR9709141_	error_rate	0.02483596482209638
/projects/mjolnir1/people/sjr729/tutorial/skimming_scripts/testClupea/library/unclassified-kra_ERR9709140_	error_rate	0.025266268680004367
/projects/mjolnir1/people/sjr729/tutorial/skimming_scripts/testClupea/library/unclassified-kra_ERR9709149_	error_rate	0.025724375040035996
/projects/mjolnir1/people/sjr729/tutorial/skimming_scripts/testClupea/library/unclassified-kra_ERR9709135_	error_rate	0.02644227749478434
/projects/mjolnir1/people/sjr729/tutorial/skimming_scripts/testClupea/library/unclassified-kra_ERR9709145_	error_rate	0.028051838989027744
/projects/mjolnir1/people/sjr729/tutorial/skimming_scripts/testClupea/library/unclassified-kra_ERR9709109_	error_rate	0.028609117661014816
/projects/mjolnir1/people/sjr729/tutorial/skimming_scripts/testClupea/library/unclassified-kra_ERR9709172_	error_rate	0.028662362433204525
/projects/mjolnir1/people/sjr729/tutorial/skimming_scripts/testClupea/library/unclassified-kra_ERR9709147_	error_rate	0.028748377085280108
/projects/mjolnir1/people/sjr729/tutorial/skimming_scripts/testClupea/library/unclassified-kra_ERR9709232_	error_rate	0.028989974503296434
/projects/mjolnir1/people/sjr729/tutorial/skimming_scripts/testClupea/library/unclassified-kra_ERR9709184_	error_rate	0.029461888599704555
/projects/mjolnir1/people/sjr729/tutorial/skimming_scripts/testClupea/library/unclassified-kra_ERR9709092_	error_rate	NA
/projects/mjolnir1/people/sjr729/tutorial/skimming_scripts/testClupea/library/unclassified-kra_ERR9709094_	error_rate	NA
/projects/mjolnir1/people/sjr729/tutorial/skimming_scripts/testClupea/library/unclassified-kra_ERR9709103_	error_rate	NA
/projects/mjolnir1/people/sjr729/tutorial/skimming_scripts/testClupea/library/unclassified-kra_ERR9709108_	error_rate	NA
/projects/mjolnir1/people/sjr729/tutorial/skimming_scripts/testClupea/library/unclassified-kra_ERR9709115_	error_rate	NA
/projects/mjolnir1/people/sjr729/tutorial/skimming_scripts/testClupea/library/unclassified-kra_ERR9709119_	error_rate	NA
/projects/mjolnir1/people/sjr729/tutorial/skimming_scripts/testClupea/library/unclassified-kra_ERR9709123_	error_rate	NA
/projects/mjolnir1/people/sjr729/tutorial/skimming_scripts/testClupea/library/unclassified-kra_ERR9709124_	error_rate	NA
/projects/mjolnir1/people/sjr729/tutorial/skimming_scripts/testClupea/library/unclassified-kra_ERR9709130_	error_rate	NA
/projects/mjolnir1/people/sjr729/tutorial/skimming_scripts/testClupea/library/unclassified-kra_ERR9709137_	error_rate	NA
/projects/mjolnir1/people/sjr729/tutorial/skimming_scripts/testClupea/library/unclassified-kra_ERR9709142_	error_rate	NA
/projects/mjolnir1/people/sjr729/tutorial/skimming_scripts/testClupea/library/unclassified-kra_ERR9709146_	error_rate	NA
/projects/mjolnir1/people/sjr729/tutorial/skimming_scripts/testClupea/library/unclassified-kra_ERR9709155_	error_rate	NA
/projects/mjolnir1/people/sjr729/tutorial/skimming_scripts/testClupea/library/unclassified-kra_ERR9709167_	error_rate	NA
/projects/mjolnir1/people/sjr729/tutorial/skimming_scripts/testClupea/library/unclassified-kra_ERR9709173_	error_rate	NA
/projects/mjolnir1/people/sjr729/tutorial/skimming_scripts/testClupea/library/unclassified-kra_ERR9709174_	error_rate	NA
/projects/mjolnir1/people/sjr729/tutorial/skimming_scripts/testClupea/library/unclassified-kra_ERR9709187_	error_rate	NA
/projects/mjolnir1/people/sjr729/tutorial/skimming_scripts/testClupea/library/unclassified-kra_ERR9709189_	error_rate	NA
/projects/mjolnir1/people/sjr729/tutorial/skimming_scripts/testClupea/library/unclassified-kra_ERR9709190_	error_rate	NA
/projects/mjolnir1/people/sjr729/tutorial/skimming_scripts/testClupea/library/unclassified-kra_ERR9709194_	error_rate	NA
/projects/mjolnir1/people/sjr729/tutorial/skimming_scripts/testClupea/library/unclassified-kra_ERR9709199_	error_rate	NA
/projects/mjolnir1/people/sjr729/tutorial/skimming_scripts/testClupea/library/unclassified-kra_ERR9709237_	error_rate	NA
/projects/mjolnir1/people/sjr729/tutorial/skimming_scripts/testClupea/library/unclassified-kra_SRR12106876_	error_rate	NA
/projects/mjolnir1/people/sjr729/tutorial/skimming_scripts/testClupea/library/unclassified-kra_SRR12106905_	error_rate	NA
/projects/mjolnir1/people/sjr729/tutorial/skimming_scripts/testClupea/library/unclassified-kra_SRR12106906_	error_rate	NA
/projects/mjolnir1/people/sjr729/tutorial/skimming_scripts/testClupea/library/unclassified-kra_SRR12106907_	error_rate	NA
/projects/mjolnir1/people/sjr729/tutorial/skimming_scripts/testClupea/library/unclassified-kra_SRR12106911_	error_rate	NA
/projects/mjolnir1/people/sjr729/tutorial/skimming_scripts/testClupea/library/unclassified-kra_SRR12106915_	error_rate	NA
/projects/mjolnir1/people/sjr729/tutorial/skimming_scripts/testClupea/library/unclassified-kra_SRR12106932_	error_rate	NA
/projects/mjolnir1/people/sjr729/tutorial/skimming_scripts/testClupea/library/unclassified-kra_SRR12106957_	error_rate	NA
/projects/mjolnir1/people/sjr729/tutorial/skimming_scripts/testClupea/library/unclassified-kra_ERR9709198_	genome_length	1046987797
/projects/mjolnir1/people/sjr729/tutorial/skimming_scripts/testClupea/library/unclassified-kra_ERR9709109_	genome_length	116263717
/projects/mjolnir1/people/sjr729/tutorial/skimming_scripts/testClupea/library/unclassified-kra_ERR9709223_	genome_length	1220095699
/projects/mjolnir1/people/sjr729/tutorial/skimming_scripts/testClupea/library/unclassified-kra_ERR9709177_	genome_length	135831504
/projects/mjolnir1/people/sjr729/tutorial/skimming_scripts/testClupea/library/unclassified-kra_ERR9709100_	genome_length	137233307
/projects/mjolnir1/people/sjr729/tutorial/skimming_scripts/testClupea/library/unclassified-kra_ERR9709184_	genome_length	145685
/projects/mjolnir1/people/sjr729/tutorial/skimming_scripts/testClupea/library/unclassified-kra_ERR9709172_	genome_length	15979427
/projects/mjolnir1/people/sjr729/tutorial/skimming_scripts/testClupea/library/unclassified-kra_ERR9709232_	genome_length	1662853914
/projects/mjolnir1/people/sjr729/tutorial/skimming_scripts/testClupea/library/unclassified-kra_ERR9709121_	genome_length	169169047
/projects/mjolnir1/people/sjr729/tutorial/skimming_scripts/testClupea/library/unclassified-kra_ERR9709134_	genome_length	1789522470
/projects/mjolnir1/people/sjr729/tutorial/skimming_scripts/testClupea/library/unclassified-kra_ERR9709145_	genome_length	210598056
/projects/mjolnir1/people/sjr729/tutorial/skimming_scripts/testClupea/library/unclassified-kra_ERR9709144_	genome_length	2365548467
/projects/mjolnir1/people/sjr729/tutorial/skimming_scripts/testClupea/library/unclassified-kra_ERR9709191_	genome_length	2585937378
/projects/mjolnir1/people/sjr729/tutorial/skimming_scripts/testClupea/library/unclassified-kra_ERR9709136_	genome_length	292618800
/projects/mjolnir1/people/sjr729/tutorial/skimming_scripts/testClupea/library/unclassified-kra_ERR9709135_	genome_length	30221775
/projects/mjolnir1/people/sjr729/tutorial/skimming_scripts/testClupea/library/unclassified-kra_ERR9709195_	genome_length	303983097
/projects/mjolnir1/people/sjr729/tutorial/skimming_scripts/testClupea/library/unclassified-kra_ERR9709196_	genome_length	304322849
/projects/mjolnir1/people/sjr729/tutorial/skimming_scripts/testClupea/library/unclassified-kra_ERR9709101_	genome_length	326707064
/projects/mjolnir1/people/sjr729/tutorial/skimming_scripts/testClupea/library/unclassified-kra_ERR9709147_	genome_length	333287154
/projects/mjolnir1/people/sjr729/tutorial/skimming_scripts/testClupea/library/unclassified-kra_ERR9709122_	genome_length	339791638
/projects/mjolnir1/people/sjr729/tutorial/skimming_scripts/testClupea/library/unclassified-kra_ERR9709180_	genome_length	348617581
/projects/mjolnir1/people/sjr729/tutorial/skimming_scripts/testClupea/library/unclassified-kra_ERR9709114_	genome_length	374899775
/projects/mjolnir1/people/sjr729/tutorial/skimming_scripts/testClupea/library/unclassified-kra_ERR9709117_	genome_length	382030835
/projects/mjolnir1/people/sjr729/tutorial/skimming_scripts/testClupea/library/unclassified-kra_ERR9709127_	genome_length	391014394
/projects/mjolnir1/people/sjr729/tutorial/skimming_scripts/testClupea/library/unclassified-kra_ERR9709099_	genome_length	3920721
/projects/mjolnir1/people/sjr729/tutorial/skimming_scripts/testClupea/library/unclassified-kra_ERR9709105_	genome_length	416680090
/projects/mjolnir1/people/sjr729/tutorial/skimming_scripts/testClupea/library/unclassified-kra_ERR9709107_	genome_length	442114669
/projects/mjolnir1/people/sjr729/tutorial/skimming_scripts/testClupea/library/unclassified-kra_ERR9709093_	genome_length	443807947
/projects/mjolnir1/people/sjr729/tutorial/skimming_scripts/testClupea/library/unclassified-kra_ERR9709125_	genome_length	489718382
/projects/mjolnir1/people/sjr729/tutorial/skimming_scripts/testClupea/library/unclassified-kra_ERR9709140_	genome_length	493268927
/projects/mjolnir1/people/sjr729/tutorial/skimming_scripts/testClupea/library/unclassified-kra_ERR9709096_	genome_length	521921364
/projects/mjolnir1/people/sjr729/tutorial/skimming_scripts/testClupea/library/unclassified-kra_ERR9709149_	genome_length	57236895
/projects/mjolnir1/people/sjr729/tutorial/skimming_scripts/testClupea/library/unclassified-kra_ERR9709141_	genome_length	61720283
/projects/mjolnir1/people/sjr729/tutorial/skimming_scripts/testClupea/library/unclassified-kra_SRR12106899_	genome_length	641802850
/projects/mjolnir1/people/sjr729/tutorial/skimming_scripts/testClupea/library/unclassified-kra_ERR9709243_	genome_length	652274151
/projects/mjolnir1/people/sjr729/tutorial/skimming_scripts/testClupea/library/unclassified-kra_ERR9709129_	genome_length	65291148
/projects/mjolnir1/people/sjr729/tutorial/skimming_scripts/testClupea/library/unclassified-kra_ERR9709217_	genome_length	666768827
/projects/mjolnir1/people/sjr729/tutorial/skimming_scripts/testClupea/library/unclassified-kra_ERR9709209_	genome_length	674672781
/projects/mjolnir1/people/sjr729/tutorial/skimming_scripts/testClupea/library/unclassified-kra_SRR12106949_	genome_length	675510406
/projects/mjolnir1/people/sjr729/tutorial/skimming_scripts/testClupea/library/unclassified-kra_ERR9709240_	genome_length	675612439
/projects/mjolnir1/people/sjr729/tutorial/skimming_scripts/testClupea/library/unclassified-kra_ERR9709234_	genome_length	679862850
/projects/mjolnir1/people/sjr729/tutorial/skimming_scripts/testClupea/library/unclassified-kra_ERR9709238_	genome_length	681890027
/projects/mjolnir1/people/sjr729/tutorial/skimming_scripts/testClupea/library/unclassified-kra_ERR9709244_	genome_length	694687381
/projects/mjolnir1/people/sjr729/tutorial/skimming_scripts/testClupea/library/unclassified-kra_ERR9709235_	genome_length	699478648
/projects/mjolnir1/people/sjr729/tutorial/skimming_scripts/testClupea/library/unclassified-kra_ERR9709218_	genome_length	702860299
/projects/mjolnir1/people/sjr729/tutorial/skimming_scripts/testClupea/library/unclassified-kra_SRR12106878_	genome_length	703058598
/projects/mjolnir1/people/sjr729/tutorial/skimming_scripts/testClupea/library/unclassified-kra_ERR9709228_	genome_length	705858782
/projects/mjolnir1/people/sjr729/tutorial/skimming_scripts/testClupea/library/unclassified-kra_ERR9709158_	genome_length	712918517
/projects/mjolnir1/people/sjr729/tutorial/skimming_scripts/testClupea/library/unclassified-kra_SRR12106945_	genome_length	715644117
/projects/mjolnir1/people/sjr729/tutorial/skimming_scripts/testClupea/library/unclassified-kra_ERR9709219_	genome_length	727860452
/projects/mjolnir1/people/sjr729/tutorial/skimming_scripts/testClupea/library/unclassified-kra_SRR12106937_	genome_length	728844601
/projects/mjolnir1/people/sjr729/tutorial/skimming_scripts/testClupea/library/unclassified-kra_ERR9709208_	genome_length	742377142
/projects/mjolnir1/people/sjr729/tutorial/skimming_scripts/testClupea/library/unclassified-kra_ERR9709249_	genome_length	744406819
/projects/mjolnir1/people/sjr729/tutorial/skimming_scripts/testClupea/library/unclassified-kra_ERR9709214_	genome_length	752672768
/projects/mjolnir1/people/sjr729/tutorial/skimming_scripts/testClupea/library/unclassified-kra_SRR12106874_	genome_length	756822208
/projects/mjolnir1/people/sjr729/tutorial/skimming_scripts/testClupea/library/unclassified-kra_SRR12106875_	genome_length	762386543
/projects/mjolnir1/people/sjr729/tutorial/skimming_scripts/testClupea/library/unclassified-kra_SRR12106934_	genome_length	780980300
/projects/mjolnir1/people/sjr729/tutorial/skimming_scripts/testClupea/library/unclassified-kra_ERR9709253_	genome_length	784150214
/projects/mjolnir1/people/sjr729/tutorial/skimming_scripts/testClupea/library/unclassified-kra_SRR12106953_	genome_length	791650544
/projects/mjolnir1/people/sjr729/tutorial/skimming_scripts/testClupea/library/unclassified-kra_SRR12106930_	genome_length	796681575
/projects/mjolnir1/people/sjr729/tutorial/skimming_scripts/testClupea/library/unclassified-kra_ERR9709132_	genome_length	802226825
/projects/mjolnir1/people/sjr729/tutorial/skimming_scripts/testClupea/library/unclassified-kra_ERR9709211_	genome_length	803639697
/projects/mjolnir1/people/sjr729/tutorial/skimming_scripts/testClupea/library/unclassified-kra_ERR9709204_	genome_length	808930819
/projects/mjolnir1/people/sjr729/tutorial/skimming_scripts/testClupea/library/unclassified-kra_ERR9709118_	genome_length	830026540
/projects/mjolnir1/people/sjr729/tutorial/skimming_scripts/testClupea/library/unclassified-kra_SRR12106955_	genome_length	866620690
/projects/mjolnir1/people/sjr729/tutorial/skimming_scripts/testClupea/library/unclassified-kra_SRR12106956_	genome_length	870326245
/projects/mjolnir1/people/sjr729/tutorial/skimming_scripts/testClupea/library/unclassified-kra_ERR9709126_	genome_length	887628089
/projects/mjolnir1/people/sjr729/tutorial/skimming_scripts/testClupea/library/unclassified-kra_ERR9709203_	genome_length	923544021
/projects/mjolnir1/people/sjr729/tutorial/skimming_scripts/testClupea/library/unclassified-kra_ERR9709178_	genome_length	926750042
/projects/mjolnir1/people/sjr729/tutorial/skimming_scripts/testClupea/library/unclassified-kra_SRR12106882_	genome_length	957409519
/projects/mjolnir1/people/sjr729/tutorial/skimming_scripts/testClupea/library/unclassified-kra_ERR9709092_	genome_length	NA
/projects/mjolnir1/people/sjr729/tutorial/skimming_scripts/testClupea/library/unclassified-kra_ERR9709094_	genome_length	NA
/projects/mjolnir1/people/sjr729/tutorial/skimming_scripts/testClupea/library/unclassified-kra_ERR9709103_	genome_length	NA
/projects/mjolnir1/people/sjr729/tutorial/skimming_scripts/testClupea/library/unclassified-kra_ERR9709108_	genome_length	NA
/projects/mjolnir1/people/sjr729/tutorial/skimming_scripts/testClupea/library/unclassified-kra_ERR9709115_	genome_length	NA
/projects/mjolnir1/people/sjr729/tutorial/skimming_scripts/testClupea/library/unclassified-kra_ERR9709119_	genome_length	NA
/projects/mjolnir1/people/sjr729/tutorial/skimming_scripts/testClupea/library/unclassified-kra_ERR9709123_	genome_length	NA
/projects/mjolnir1/people/sjr729/tutorial/skimming_scripts/testClupea/library/unclassified-kra_ERR9709124_	genome_length	NA
/projects/mjolnir1/people/sjr729/tutorial/skimming_scripts/testClupea/library/unclassified-kra_ERR9709130_	genome_length	NA
/projects/mjolnir1/people/sjr729/tutorial/skimming_scripts/testClupea/library/unclassified-kra_ERR9709137_	genome_length	NA
/projects/mjolnir1/people/sjr729/tutorial/skimming_scripts/testClupea/library/unclassified-kra_ERR9709142_	genome_length	NA
/projects/mjolnir1/people/sjr729/tutorial/skimming_scripts/testClupea/library/unclassified-kra_ERR9709146_	genome_length	NA
/projects/mjolnir1/people/sjr729/tutorial/skimming_scripts/testClupea/library/unclassified-kra_ERR9709155_	genome_length	NA
/projects/mjolnir1/people/sjr729/tutorial/skimming_scripts/testClupea/library/unclassified-kra_ERR9709167_	genome_length	NA
/projects/mjolnir1/people/sjr729/tutorial/skimming_scripts/testClupea/library/unclassified-kra_ERR9709173_	genome_length	NA
/projects/mjolnir1/people/sjr729/tutorial/skimming_scripts/testClupea/library/unclassified-kra_ERR9709174_	genome_length	NA
/projects/mjolnir1/people/sjr729/tutorial/skimming_scripts/testClupea/library/unclassified-kra_ERR9709187_	genome_length	NA
/projects/mjolnir1/people/sjr729/tutorial/skimming_scripts/testClupea/library/unclassified-kra_ERR9709189_	genome_length	NA
/projects/mjolnir1/people/sjr729/tutorial/skimming_scripts/testClupea/library/unclassified-kra_ERR9709190_	genome_length	NA
/projects/mjolnir1/people/sjr729/tutorial/skimming_scripts/testClupea/library/unclassified-kra_ERR9709194_	genome_length	NA
/projects/mjolnir1/people/sjr729/tutorial/skimming_scripts/testClupea/library/unclassified-kra_ERR9709199_	genome_length	NA
/projects/mjolnir1/people/sjr729/tutorial/skimming_scripts/testClupea/library/unclassified-kra_ERR9709237_	genome_length	NA
/projects/mjolnir1/people/sjr729/tutorial/skimming_scripts/testClupea/library/unclassified-kra_SRR12106876_	genome_length	NA
/projects/mjolnir1/people/sjr729/tutorial/skimming_scripts/testClupea/library/unclassified-kra_SRR12106905_	genome_length	NA
/projects/mjolnir1/people/sjr729/tutorial/skimming_scripts/testClupea/library/unclassified-kra_SRR12106906_	genome_length	NA
/projects/mjolnir1/people/sjr729/tutorial/skimming_scripts/testClupea/library/unclassified-kra_SRR12106907_	genome_length	NA
/projects/mjolnir1/people/sjr729/tutorial/skimming_scripts/testClupea/library/unclassified-kra_SRR12106911_	genome_length	NA
/projects/mjolnir1/people/sjr729/tutorial/skimming_scripts/testClupea/library/unclassified-kra_SRR12106915_	genome_length	NA
/projects/mjolnir1/people/sjr729/tutorial/skimming_scripts/testClupea/library/unclassified-kra_SRR12106932_	genome_length	NA
/projects/mjolnir1/people/sjr729/tutorial/skimming_scripts/testClupea/library/unclassified-kra_SRR12106957_	genome_length	NA
/projects/mjolnir1/people/sjr729/tutorial/skimming_scripts/testClupea/library/unclassified-kra_ERR9709180_	read_length	107
/projects/mjolnir1/people/sjr729/tutorial/skimming_scripts/testClupea/library/unclassified-kra_ERR9709196_	read_length	111
/projects/mjolnir1/people/sjr729/tutorial/skimming_scripts/testClupea/library/unclassified-kra_ERR9709140_	read_length	122
/projects/mjolnir1/people/sjr729/tutorial/skimming_scripts/testClupea/library/unclassified-kra_ERR9709130_	read_length	126
/projects/mjolnir1/people/sjr729/tutorial/skimming_scripts/testClupea/library/unclassified-kra_SRR12106949_	read_length	127
/projects/mjolnir1/people/sjr729/tutorial/skimming_scripts/testClupea/library/unclassified-kra_ERR9709134_	read_length	133
/projects/mjolnir1/people/sjr729/tutorial/skimming_scripts/testClupea/library/unclassified-kra_ERR9709132_	read_length	136
/projects/mjolnir1/people/sjr729/tutorial/skimming_scripts/testClupea/library/unclassified-kra_ERR9709223_	read_length	145
/projects/mjolnir1/people/sjr729/tutorial/skimming_scripts/testClupea/library/unclassified-kra_ERR9709204_	read_length	149
/projects/mjolnir1/people/sjr729/tutorial/skimming_scripts/testClupea/library/unclassified-kra_ERR9709214_	read_length	152
/projects/mjolnir1/people/sjr729/tutorial/skimming_scripts/testClupea/library/unclassified-kra_ERR9709203_	read_length	153
/projects/mjolnir1/people/sjr729/tutorial/skimming_scripts/testClupea/library/unclassified-kra_ERR9709211_	read_length	153
/projects/mjolnir1/people/sjr729/tutorial/skimming_scripts/testClupea/library/unclassified-kra_SRR12106874_	read_length	153
/projects/mjolnir1/people/sjr729/tutorial/skimming_scripts/testClupea/library/unclassified-kra_SRR12106875_	read_length	153
/projects/mjolnir1/people/sjr729/tutorial/skimming_scripts/testClupea/library/unclassified-kra_SRR12106882_	read_length	153
/projects/mjolnir1/people/sjr729/tutorial/skimming_scripts/testClupea/library/unclassified-kra_ERR9709208_	read_length	154
/projects/mjolnir1/people/sjr729/tutorial/skimming_scripts/testClupea/library/unclassified-kra_SRR12106934_	read_length	154
/projects/mjolnir1/people/sjr729/tutorial/skimming_scripts/testClupea/library/unclassified-kra_SRR12106945_	read_length	154
/projects/mjolnir1/people/sjr729/tutorial/skimming_scripts/testClupea/library/unclassified-kra_ERR9709249_	read_length	155
/projects/mjolnir1/people/sjr729/tutorial/skimming_scripts/testClupea/library/unclassified-kra_ERR9709253_	read_length	155
/projects/mjolnir1/people/sjr729/tutorial/skimming_scripts/testClupea/library/unclassified-kra_SRR12106876_	read_length	155
/projects/mjolnir1/people/sjr729/tutorial/skimming_scripts/testClupea/library/unclassified-kra_SRR12106878_	read_length	155
/projects/mjolnir1/people/sjr729/tutorial/skimming_scripts/testClupea/library/unclassified-kra_SRR12106937_	read_length	155
/projects/mjolnir1/people/sjr729/tutorial/skimming_scripts/testClupea/library/unclassified-kra_SRR12106955_	read_length	155
/projects/mjolnir1/people/sjr729/tutorial/skimming_scripts/testClupea/library/unclassified-kra_SRR12106956_	read_length	155
/projects/mjolnir1/people/sjr729/tutorial/skimming_scripts/testClupea/library/unclassified-kra_SRR12106905_	read_length	156
/projects/mjolnir1/people/sjr729/tutorial/skimming_scripts/testClupea/library/unclassified-kra_SRR12106906_	read_length	156
/projects/mjolnir1/people/sjr729/tutorial/skimming_scripts/testClupea/library/unclassified-kra_SRR12106930_	read_length	156
/projects/mjolnir1/people/sjr729/tutorial/skimming_scripts/testClupea/library/unclassified-kra_SRR12106953_	read_length	156
/projects/mjolnir1/people/sjr729/tutorial/skimming_scripts/testClupea/library/unclassified-kra_ERR9709209_	read_length	157
/projects/mjolnir1/people/sjr729/tutorial/skimming_scripts/testClupea/library/unclassified-kra_ERR9709219_	read_length	157
/projects/mjolnir1/people/sjr729/tutorial/skimming_scripts/testClupea/library/unclassified-kra_SRR12106957_	read_length	157
/projects/mjolnir1/people/sjr729/tutorial/skimming_scripts/testClupea/library/unclassified-kra_SRR12106911_	read_length	158
/projects/mjolnir1/people/sjr729/tutorial/skimming_scripts/testClupea/library/unclassified-kra_SRR12106932_	read_length	158
/projects/mjolnir1/people/sjr729/tutorial/skimming_scripts/testClupea/library/unclassified-kra_ERR9709228_	read_length	159
/projects/mjolnir1/people/sjr729/tutorial/skimming_scripts/testClupea/library/unclassified-kra_ERR9709234_	read_length	159
/projects/mjolnir1/people/sjr729/tutorial/skimming_scripts/testClupea/library/unclassified-kra_ERR9709238_	read_length	159
/projects/mjolnir1/people/sjr729/tutorial/skimming_scripts/testClupea/library/unclassified-kra_ERR9709244_	read_length	159
/projects/mjolnir1/people/sjr729/tutorial/skimming_scripts/testClupea/library/unclassified-kra_SRR12106899_	read_length	159
/projects/mjolnir1/people/sjr729/tutorial/skimming_scripts/testClupea/library/unclassified-kra_SRR12106907_	read_length	159
/projects/mjolnir1/people/sjr729/tutorial/skimming_scripts/testClupea/library/unclassified-kra_ERR9709243_	read_length	160
/projects/mjolnir1/people/sjr729/tutorial/skimming_scripts/testClupea/library/unclassified-kra_ERR9709217_	read_length	161
/projects/mjolnir1/people/sjr729/tutorial/skimming_scripts/testClupea/library/unclassified-kra_SRR12106915_	read_length	161
/projects/mjolnir1/people/sjr729/tutorial/skimming_scripts/testClupea/library/unclassified-kra_ERR9709218_	read_length	162
/projects/mjolnir1/people/sjr729/tutorial/skimming_scripts/testClupea/library/unclassified-kra_ERR9709235_	read_length	162
/projects/mjolnir1/people/sjr729/tutorial/skimming_scripts/testClupea/library/unclassified-kra_ERR9709237_	read_length	162
/projects/mjolnir1/people/sjr729/tutorial/skimming_scripts/testClupea/library/unclassified-kra_ERR9709240_	read_length	162
/projects/mjolnir1/people/sjr729/tutorial/skimming_scripts/testClupea/library/unclassified-kra_ERR9709232_	read_length	168
/projects/mjolnir1/people/sjr729/tutorial/skimming_scripts/testClupea/library/unclassified-kra_ERR9709199_	read_length	49
/projects/mjolnir1/people/sjr729/tutorial/skimming_scripts/testClupea/library/unclassified-kra_ERR9709123_	read_length	52
/projects/mjolnir1/people/sjr729/tutorial/skimming_scripts/testClupea/library/unclassified-kra_ERR9709167_	read_length	53
/projects/mjolnir1/people/sjr729/tutorial/skimming_scripts/testClupea/library/unclassified-kra_ERR9709198_	read_length	55
/projects/mjolnir1/people/sjr729/tutorial/skimming_scripts/testClupea/library/unclassified-kra_ERR9709184_	read_length	57
/projects/mjolnir1/people/sjr729/tutorial/skimming_scripts/testClupea/library/unclassified-kra_ERR9709119_	read_length	60
/projects/mjolnir1/people/sjr729/tutorial/skimming_scripts/testClupea/library/unclassified-kra_ERR9709149_	read_length	60
/projects/mjolnir1/people/sjr729/tutorial/skimming_scripts/testClupea/library/unclassified-kra_ERR9709195_	read_length	60
/projects/mjolnir1/people/sjr729/tutorial/skimming_scripts/testClupea/library/unclassified-kra_ERR9709117_	read_length	61
/projects/mjolnir1/people/sjr729/tutorial/skimming_scripts/testClupea/library/unclassified-kra_ERR9709118_	read_length	61
/projects/mjolnir1/people/sjr729/tutorial/skimming_scripts/testClupea/library/unclassified-kra_ERR9709121_	read_length	62
/projects/mjolnir1/people/sjr729/tutorial/skimming_scripts/testClupea/library/unclassified-kra_ERR9709122_	read_length	62
/projects/mjolnir1/people/sjr729/tutorial/skimming_scripts/testClupea/library/unclassified-kra_ERR9709155_	read_length	62
/projects/mjolnir1/people/sjr729/tutorial/skimming_scripts/testClupea/library/unclassified-kra_ERR9709136_	read_length	66
/projects/mjolnir1/people/sjr729/tutorial/skimming_scripts/testClupea/library/unclassified-kra_ERR9709135_	read_length	67
/projects/mjolnir1/people/sjr729/tutorial/skimming_scripts/testClupea/library/unclassified-kra_ERR9709146_	read_length	68
/projects/mjolnir1/people/sjr729/tutorial/skimming_scripts/testClupea/library/unclassified-kra_ERR9709103_	read_length	70
/projects/mjolnir1/people/sjr729/tutorial/skimming_scripts/testClupea/library/unclassified-kra_ERR9709114_	read_length	70
/projects/mjolnir1/people/sjr729/tutorial/skimming_scripts/testClupea/library/unclassified-kra_ERR9709096_	read_length	71
/projects/mjolnir1/people/sjr729/tutorial/skimming_scripts/testClupea/library/unclassified-kra_ERR9709124_	read_length	71
/projects/mjolnir1/people/sjr729/tutorial/skimming_scripts/testClupea/library/unclassified-kra_ERR9709129_	read_length	71
/projects/mjolnir1/people/sjr729/tutorial/skimming_scripts/testClupea/library/unclassified-kra_ERR9709141_	read_length	71
/projects/mjolnir1/people/sjr729/tutorial/skimming_scripts/testClupea/library/unclassified-kra_ERR9709173_	read_length	71
/projects/mjolnir1/people/sjr729/tutorial/skimming_scripts/testClupea/library/unclassified-kra_ERR9709174_	read_length	72
/projects/mjolnir1/people/sjr729/tutorial/skimming_scripts/testClupea/library/unclassified-kra_ERR9709109_	read_length	74
/projects/mjolnir1/people/sjr729/tutorial/skimming_scripts/testClupea/library/unclassified-kra_ERR9709178_	read_length	74
/projects/mjolnir1/people/sjr729/tutorial/skimming_scripts/testClupea/library/unclassified-kra_ERR9709125_	read_length	75
/projects/mjolnir1/people/sjr729/tutorial/skimming_scripts/testClupea/library/unclassified-kra_ERR9709126_	read_length	75
/projects/mjolnir1/people/sjr729/tutorial/skimming_scripts/testClupea/library/unclassified-kra_ERR9709187_	read_length	75
/projects/mjolnir1/people/sjr729/tutorial/skimming_scripts/testClupea/library/unclassified-kra_ERR9709127_	read_length	76
/projects/mjolnir1/people/sjr729/tutorial/skimming_scripts/testClupea/library/unclassified-kra_ERR9709177_	read_length	76
/projects/mjolnir1/people/sjr729/tutorial/skimming_scripts/testClupea/library/unclassified-kra_ERR9709144_	read_length	77
/projects/mjolnir1/people/sjr729/tutorial/skimming_scripts/testClupea/library/unclassified-kra_ERR9709115_	read_length	78
/projects/mjolnir1/people/sjr729/tutorial/skimming_scripts/testClupea/library/unclassified-kra_ERR9709105_	read_length	80
/projects/mjolnir1/people/sjr729/tutorial/skimming_scripts/testClupea/library/unclassified-kra_ERR9709107_	read_length	80
/projects/mjolnir1/people/sjr729/tutorial/skimming_scripts/testClupea/library/unclassified-kra_ERR9709158_	read_length	80
/projects/mjolnir1/people/sjr729/tutorial/skimming_scripts/testClupea/library/unclassified-kra_ERR9709172_	read_length	80
/projects/mjolnir1/people/sjr729/tutorial/skimming_scripts/testClupea/library/unclassified-kra_ERR9709099_	read_length	81
/projects/mjolnir1/people/sjr729/tutorial/skimming_scripts/testClupea/library/unclassified-kra_ERR9709094_	read_length	82
/projects/mjolnir1/people/sjr729/tutorial/skimming_scripts/testClupea/library/unclassified-kra_ERR9709137_	read_length	84
/projects/mjolnir1/people/sjr729/tutorial/skimming_scripts/testClupea/library/unclassified-kra_ERR9709142_	read_length	84
/projects/mjolnir1/people/sjr729/tutorial/skimming_scripts/testClupea/library/unclassified-kra_ERR9709092_	read_length	86
/projects/mjolnir1/people/sjr729/tutorial/skimming_scripts/testClupea/library/unclassified-kra_ERR9709191_	read_length	87
/projects/mjolnir1/people/sjr729/tutorial/skimming_scripts/testClupea/library/unclassified-kra_ERR9709145_	read_length	88
/projects/mjolnir1/people/sjr729/tutorial/skimming_scripts/testClupea/library/unclassified-kra_ERR9709093_	read_length	89
/projects/mjolnir1/people/sjr729/tutorial/skimming_scripts/testClupea/library/unclassified-kra_ERR9709100_	read_length	89
/projects/mjolnir1/people/sjr729/tutorial/skimming_scripts/testClupea/library/unclassified-kra_ERR9709101_	read_length	89
/projects/mjolnir1/people/sjr729/tutorial/skimming_scripts/testClupea/library/unclassified-kra_ERR9709190_	read_length	89
/projects/mjolnir1/people/sjr729/tutorial/skimming_scripts/testClupea/library/unclassified-kra_ERR9709194_	read_length	92
/projects/mjolnir1/people/sjr729/tutorial/skimming_scripts/testClupea/library/unclassified-kra_ERR9709189_	read_length	96
/projects/mjolnir1/people/sjr729/tutorial/skimming_scripts/testClupea/library/unclassified-kra_ERR9709108_	read_length	97
/projects/mjolnir1/people/sjr729/tutorial/skimming_scripts/testClupea/library/unclassified-kra_ERR9709147_	read_length	99
